<annotation>
	<folder>train</folder>
	<filename>100.jpg</filename>
	<path>C:\Users\Khalid\Downloads\labeling\images\train\100.jpg</path>
	<source>
		<database>Unknown</database>
	</source>
	<size>
		<width>200</width>
		<height>200</height>
		<depth>3</depth>
	</size>
	<segmented>0</segmented>
	<object>
		<name>ps4_controller</name>
		<pose>Unspecified</pose>
		<truncated>1</truncated>
		<difficult>0</difficult>
		<bndbox>
			<xmin>104</xmin>
			<ymin>138</ymin>
			<xmax>199</xmax>
			<ymax>200</ymax>
		</bndbox>
	</object>
</annotation>
