<annotation>
	<folder>train</folder>
	<filename>101.jpg</filename>
	<path>C:\Users\Khalid\Downloads\labeling\images\train\101.jpg</path>
	<source>
		<database>Unknown</database>
	</source>
	<size>
		<width>159</width>
		<height>127</height>
		<depth>3</depth>
	</size>
	<segmented>0</segmented>
	<object>
		<name>ps4_controller</name>
		<pose>Unspecified</pose>
		<truncated>1</truncated>
		<difficult>0</difficult>
		<bndbox>
			<xmin>7</xmin>
			<ymin>11</ymin>
			<xmax>159</xmax>
			<ymax>111</ymax>
		</bndbox>
	</object>
</annotation>
