<annotation>
	<folder>train</folder>
	<filename>105.jpg</filename>
	<path>C:\Users\Khalid\Downloads\labeling\images\train\105.jpg</path>
	<source>
		<database>Unknown</database>
	</source>
	<size>
		<width>233</width>
		<height>217</height>
		<depth>3</depth>
	</size>
	<segmented>0</segmented>
	<object>
		<name>ps4_controller</name>
		<pose>Unspecified</pose>
		<truncated>0</truncated>
		<difficult>0</difficult>
		<bndbox>
			<xmin>29</xmin>
			<ymin>9</ymin>
			<xmax>231</xmax>
			<ymax>168</ymax>
		</bndbox>
	</object>
</annotation>
