<annotation>
	<folder>train</folder>
	<filename>106.jpg</filename>
	<path>C:\Users\Khalid\Downloads\labeling\images\train\106.jpg</path>
	<source>
		<database>Unknown</database>
	</source>
	<size>
		<width>265</width>
		<height>190</height>
		<depth>3</depth>
	</size>
	<segmented>0</segmented>
	<object>
		<name>ps4_controller</name>
		<pose>Unspecified</pose>
		<truncated>0</truncated>
		<difficult>0</difficult>
		<bndbox>
			<xmin>45</xmin>
			<ymin>46</ymin>
			<xmax>216</xmax>
			<ymax>119</ymax>
		</bndbox>
	</object>
</annotation>
