<annotation>
	<folder>train</folder>
	<filename>11.jpg</filename>
	<path>C:\Users\Khalid\Downloads\labeling\images\train\11.jpg</path>
	<source>
		<database>Unknown</database>
	</source>
	<size>
		<width>2897</width>
		<height>1813</height>
		<depth>3</depth>
	</size>
	<segmented>0</segmented>
	<object>
		<name>ps4_controller</name>
		<pose>Unspecified</pose>
		<truncated>1</truncated>
		<difficult>0</difficult>
		<bndbox>
			<xmin>90</xmin>
			<ymin>18</ymin>
			<xmax>2897</xmax>
			<ymax>1804</ymax>
		</bndbox>
	</object>
</annotation>
