<annotation>
	<folder>train</folder>
	<filename>113.jpg</filename>
	<path>C:\Users\Khalid\Downloads\labeling\images\train\113.jpg</path>
	<source>
		<database>Unknown</database>
	</source>
	<size>
		<width>275</width>
		<height>183</height>
		<depth>3</depth>
	</size>
	<segmented>0</segmented>
	<object>
		<name>ps4_controller</name>
		<pose>Unspecified</pose>
		<truncated>0</truncated>
		<difficult>0</difficult>
		<bndbox>
			<xmin>23</xmin>
			<ymin>12</ymin>
			<xmax>232</xmax>
			<ymax>153</ymax>
		</bndbox>
	</object>
</annotation>
