<annotation>
	<folder>train</folder>
	<filename>115.jpg</filename>
	<path>C:\Users\Khalid\Downloads\labeling\images\train\115.jpg</path>
	<source>
		<database>Unknown</database>
	</source>
	<size>
		<width>198</width>
		<height>254</height>
		<depth>3</depth>
	</size>
	<segmented>0</segmented>
	<object>
		<name>ps4_controller</name>
		<pose>Unspecified</pose>
		<truncated>1</truncated>
		<difficult>0</difficult>
		<bndbox>
			<xmin>5</xmin>
			<ymin>40</ymin>
			<xmax>198</xmax>
			<ymax>195</ymax>
		</bndbox>
	</object>
</annotation>
