<annotation>
	<folder>train</folder>
	<filename>119.jpg</filename>
	<path>C:\Users\Khalid\Downloads\labeling\images\train\119.jpg</path>
	<source>
		<database>Unknown</database>
	</source>
	<size>
		<width>251</width>
		<height>201</height>
		<depth>3</depth>
	</size>
	<segmented>0</segmented>
	<object>
		<name>ps4_controller</name>
		<pose>Unspecified</pose>
		<truncated>0</truncated>
		<difficult>0</difficult>
		<bndbox>
			<xmin>16</xmin>
			<ymin>23</ymin>
			<xmax>243</xmax>
			<ymax>182</ymax>
		</bndbox>
	</object>
</annotation>
