<annotation>
	<folder>train</folder>
	<filename>12.jpg</filename>
	<path>C:\Users\Khalid\Downloads\labeling\images\train\12.jpg</path>
	<source>
		<database>Unknown</database>
	</source>
	<size>
		<width>1163</width>
		<height>816</height>
		<depth>3</depth>
	</size>
	<segmented>0</segmented>
	<object>
		<name>ps4_controller</name>
		<pose>Unspecified</pose>
		<truncated>1</truncated>
		<difficult>0</difficult>
		<bndbox>
			<xmin>40</xmin>
			<ymin>8</ymin>
			<xmax>1163</xmax>
			<ymax>774</ymax>
		</bndbox>
	</object>
</annotation>
