<annotation>
	<folder>train</folder>
	<filename>120.jpg</filename>
	<path>C:\Users\Khalid\Downloads\labeling\images\train\120.jpg</path>
	<source>
		<database>Unknown</database>
	</source>
	<size>
		<width>194</width>
		<height>259</height>
		<depth>3</depth>
	</size>
	<segmented>0</segmented>
	<object>
		<name>ps4_controller</name>
		<pose>Unspecified</pose>
		<truncated>0</truncated>
		<difficult>0</difficult>
		<bndbox>
			<xmin>22</xmin>
			<ymin>96</ymin>
			<xmax>131</xmax>
			<ymax>163</ymax>
		</bndbox>
	</object>
</annotation>
