<annotation>
	<folder>train</folder>
	<filename>122.jpg</filename>
	<path>C:\Users\Khalid\Downloads\labeling\images\train\122.jpg</path>
	<source>
		<database>Unknown</database>
	</source>
	<size>
		<width>225</width>
		<height>225</height>
		<depth>3</depth>
	</size>
	<segmented>0</segmented>
	<object>
		<name>ps4_controller</name>
		<pose>Unspecified</pose>
		<truncated>0</truncated>
		<difficult>0</difficult>
		<bndbox>
			<xmin>116</xmin>
			<ymin>88</ymin>
			<xmax>222</xmax>
			<ymax>170</ymax>
		</bndbox>
	</object>
</annotation>
