<annotation>
	<folder>train</folder>
	<filename>126.jpg</filename>
	<path>C:\Users\Khalid\Downloads\labeling\images\train\126.jpg</path>
	<source>
		<database>Unknown</database>
	</source>
	<size>
		<width>318</width>
		<height>159</height>
		<depth>3</depth>
	</size>
	<segmented>0</segmented>
	<object>
		<name>ps4_controller</name>
		<pose>Unspecified</pose>
		<truncated>0</truncated>
		<difficult>0</difficult>
		<bndbox>
			<xmin>14</xmin>
			<ymin>4</ymin>
			<xmax>293</xmax>
			<ymax>102</ymax>
		</bndbox>
	</object>
</annotation>
