<annotation>
	<folder>train</folder>
	<filename>13.jpg</filename>
	<path>C:\Users\Khalid\Downloads\labeling\images\train\13.jpg</path>
	<source>
		<database>Unknown</database>
	</source>
	<size>
		<width>1500</width>
		<height>986</height>
		<depth>3</depth>
	</size>
	<segmented>0</segmented>
	<object>
		<name>ps4_controller</name>
		<pose>Unspecified</pose>
		<truncated>0</truncated>
		<difficult>0</difficult>
		<bndbox>
			<xmin>107</xmin>
			<ymin>19</ymin>
			<xmax>1432</xmax>
			<ymax>771</ymax>
		</bndbox>
	</object>
</annotation>
