<annotation>
	<folder>train</folder>
	<filename>132.jpg</filename>
	<path>C:\Users\Khalid\Downloads\labeling\images\train\132.jpg</path>
	<source>
		<database>Unknown</database>
	</source>
	<size>
		<width>300</width>
		<height>168</height>
		<depth>3</depth>
	</size>
	<segmented>0</segmented>
	<object>
		<name>ps4_controller</name>
		<pose>Unspecified</pose>
		<truncated>1</truncated>
		<difficult>0</difficult>
		<bndbox>
			<xmin>11</xmin>
			<ymin>1</ymin>
			<xmax>300</xmax>
			<ymax>89</ymax>
		</bndbox>
	</object>
</annotation>
