<annotation>
	<folder>train</folder>
	<filename>136.jpg</filename>
	<path>C:\Users\Khalid\Downloads\labeling\images\train\136.jpg</path>
	<source>
		<database>Unknown</database>
	</source>
	<size>
		<width>279</width>
		<height>181</height>
		<depth>3</depth>
	</size>
	<segmented>0</segmented>
	<object>
		<name>ps4_controller</name>
		<pose>Unspecified</pose>
		<truncated>0</truncated>
		<difficult>0</difficult>
		<bndbox>
			<xmin>15</xmin>
			<ymin>4</ymin>
			<xmax>274</xmax>
			<ymax>166</ymax>
		</bndbox>
	</object>
</annotation>
