<annotation>
	<folder>train</folder>
	<filename>137.jpg</filename>
	<path>C:\Users\Khalid\Downloads\labeling\images\train\137.jpg</path>
	<source>
		<database>Unknown</database>
	</source>
	<size>
		<width>254</width>
		<height>198</height>
		<depth>3</depth>
	</size>
	<segmented>0</segmented>
	<object>
		<name>ps4_controller</name>
		<pose>Unspecified</pose>
		<truncated>0</truncated>
		<difficult>0</difficult>
		<bndbox>
			<xmin>65</xmin>
			<ymin>67</ymin>
			<xmax>236</xmax>
			<ymax>181</ymax>
		</bndbox>
	</object>
</annotation>
