<annotation>
	<folder>train</folder>
	<filename>138.jpg</filename>
	<path>C:\Users\Khalid\Downloads\labeling\images\train\138.jpg</path>
	<source>
		<database>Unknown</database>
	</source>
	<size>
		<width>293</width>
		<height>172</height>
		<depth>3</depth>
	</size>
	<segmented>0</segmented>
	<object>
		<name>ps4_controller</name>
		<pose>Unspecified</pose>
		<truncated>0</truncated>
		<difficult>0</difficult>
		<bndbox>
			<xmin>54</xmin>
			<ymin>7</ymin>
			<xmax>244</xmax>
			<ymax>126</ymax>
		</bndbox>
	</object>
</annotation>
