<annotation>
	<folder>train</folder>
	<filename>142.jpg</filename>
	<path>C:\Users\Khalid\Downloads\labeling\images\train\142.jpg</path>
	<source>
		<database>Unknown</database>
	</source>
	<size>
		<width>259</width>
		<height>194</height>
		<depth>3</depth>
	</size>
	<segmented>0</segmented>
	<object>
		<name>ps4_controller</name>
		<pose>Unspecified</pose>
		<truncated>1</truncated>
		<difficult>0</difficult>
		<bndbox>
			<xmin>21</xmin>
			<ymin>21</ymin>
			<xmax>259</xmax>
			<ymax>154</ymax>
		</bndbox>
	</object>
</annotation>
