<annotation>
	<folder>train</folder>
	<filename>152.jpg</filename>
	<path>C:\Users\Khalid\Downloads\labeling\images\train\152.jpg</path>
	<source>
		<database>Unknown</database>
	</source>
	<size>
		<width>259</width>
		<height>194</height>
		<depth>3</depth>
	</size>
	<segmented>0</segmented>
	<object>
		<name>ps4_controller</name>
		<pose>Unspecified</pose>
		<truncated>0</truncated>
		<difficult>0</difficult>
		<bndbox>
			<xmin>4</xmin>
			<ymin>33</ymin>
			<xmax>247</xmax>
			<ymax>129</ymax>
		</bndbox>
	</object>
</annotation>
