<annotation>
	<folder>train</folder>
	<filename>156.jpg</filename>
	<path>C:\Users\Khalid\Downloads\labeling\images\train\156.jpg</path>
	<source>
		<database>Unknown</database>
	</source>
	<size>
		<width>271</width>
		<height>186</height>
		<depth>3</depth>
	</size>
	<segmented>0</segmented>
	<object>
		<name>ps4_controller</name>
		<pose>Unspecified</pose>
		<truncated>0</truncated>
		<difficult>0</difficult>
		<bndbox>
			<xmin>20</xmin>
			<ymin>2</ymin>
			<xmax>253</xmax>
			<ymax>135</ymax>
		</bndbox>
	</object>
</annotation>
