<annotation>
	<folder>train</folder>
	<filename>159.jpg</filename>
	<path>C:\Users\Khalid\Downloads\labeling\images\train\159.jpg</path>
	<source>
		<database>Unknown</database>
	</source>
	<size>
		<width>225</width>
		<height>225</height>
		<depth>3</depth>
	</size>
	<segmented>0</segmented>
	<object>
		<name>ps4_controller</name>
		<pose>Unspecified</pose>
		<truncated>0</truncated>
		<difficult>0</difficult>
		<bndbox>
			<xmin>9</xmin>
			<ymin>23</ymin>
			<xmax>219</xmax>
			<ymax>195</ymax>
		</bndbox>
	</object>
</annotation>
