<annotation>
	<folder>train</folder>
	<filename>16.jpg</filename>
	<path>C:\Users\Khalid\Downloads\labeling\images\train\16.jpg</path>
	<source>
		<database>Unknown</database>
	</source>
	<size>
		<width>3099</width>
		<height>3000</height>
		<depth>3</depth>
	</size>
	<segmented>0</segmented>
	<object>
		<name>ps4_controller</name>
		<pose>Unspecified</pose>
		<truncated>0</truncated>
		<difficult>0</difficult>
		<bndbox>
			<xmin>225</xmin>
			<ymin>502</ymin>
			<xmax>2919</xmax>
			<ymax>2341</ymax>
		</bndbox>
	</object>
</annotation>
