<annotation>
	<folder>train</folder>
	<filename>163.jpg</filename>
	<path>C:\Users\Khalid\Downloads\labeling\images\train\163.jpg</path>
	<source>
		<database>Unknown</database>
	</source>
	<size>
		<width>225</width>
		<height>225</height>
		<depth>3</depth>
	</size>
	<segmented>0</segmented>
	<object>
		<name>ps4_controller</name>
		<pose>Unspecified</pose>
		<truncated>1</truncated>
		<difficult>0</difficult>
		<bndbox>
			<xmin>10</xmin>
			<ymin>42</ymin>
			<xmax>225</xmax>
			<ymax>181</ymax>
		</bndbox>
	</object>
</annotation>
