<annotation>
	<folder>train</folder>
	<filename>164.jpg</filename>
	<path>C:\Users\Khalid\Downloads\labeling\images\train\164.jpg</path>
	<source>
		<database>Unknown</database>
	</source>
	<size>
		<width>100</width>
		<height>100</height>
		<depth>3</depth>
	</size>
	<segmented>0</segmented>
	<object>
		<name>ps4_controller</name>
		<pose>Unspecified</pose>
		<truncated>0</truncated>
		<difficult>0</difficult>
		<bndbox>
			<xmin>9</xmin>
			<ymin>2</ymin>
			<xmax>90</xmax>
			<ymax>93</ymax>
		</bndbox>
	</object>
</annotation>
