<annotation>
	<folder>train</folder>
	<filename>17.jpg</filename>
	<path>C:\Users\Khalid\Downloads\labeling\images\train\17.jpg</path>
	<source>
		<database>Unknown</database>
	</source>
	<size>
		<width>666</width>
		<height>666</height>
		<depth>3</depth>
	</size>
	<segmented>0</segmented>
	<object>
		<name>ps4_controller</name>
		<pose>Unspecified</pose>
		<truncated>0</truncated>
		<difficult>0</difficult>
		<bndbox>
			<xmin>123</xmin>
			<ymin>188</ymin>
			<xmax>570</xmax>
			<ymax>526</ymax>
		</bndbox>
	</object>
</annotation>
