<annotation>
	<folder>train</folder>
	<filename>170.jpg</filename>
	<path>C:\Users\Khalid\Downloads\labeling\images\train\170.jpg</path>
	<source>
		<database>Unknown</database>
	</source>
	<size>
		<width>232</width>
		<height>217</height>
		<depth>3</depth>
	</size>
	<segmented>0</segmented>
	<object>
		<name>ps4_controller</name>
		<pose>Unspecified</pose>
		<truncated>1</truncated>
		<difficult>0</difficult>
		<bndbox>
			<xmin>16</xmin>
			<ymin>2</ymin>
			<xmax>232</xmax>
			<ymax>190</ymax>
		</bndbox>
	</object>
</annotation>
