<annotation>
	<folder>train</folder>
	<filename>172.jpg</filename>
	<path>C:\Users\Khalid\Downloads\labeling\images\train\172.jpg</path>
	<source>
		<database>Unknown</database>
	</source>
	<size>
		<width>265</width>
		<height>190</height>
		<depth>3</depth>
	</size>
	<segmented>0</segmented>
	<object>
		<name>ps4_controller</name>
		<pose>Unspecified</pose>
		<truncated>0</truncated>
		<difficult>0</difficult>
		<bndbox>
			<xmin>45</xmin>
			<ymin>28</ymin>
			<xmax>241</xmax>
			<ymax>119</ymax>
		</bndbox>
	</object>
</annotation>
