<annotation>
	<folder>train</folder>
	<filename>176.jpg</filename>
	<path>C:\Users\Khalid\Downloads\labeling\images\train\176.jpg</path>
	<source>
		<database>Unknown</database>
	</source>
	<size>
		<width>100</width>
		<height>100</height>
		<depth>3</depth>
	</size>
	<segmented>0</segmented>
	<object>
		<name>ps4_controller</name>
		<pose>Unspecified</pose>
		<truncated>1</truncated>
		<difficult>0</difficult>
		<bndbox>
			<xmin>1</xmin>
			<ymin>20</ymin>
			<xmax>82</xmax>
			<ymax>49</ymax>
		</bndbox>
	</object>
</annotation>
