<annotation>
	<folder>train</folder>
	<filename>177.jpg</filename>
	<path>C:\Users\Khalid\Downloads\labeling\images\train\177.jpg</path>
	<source>
		<database>Unknown</database>
	</source>
	<size>
		<width>293</width>
		<height>172</height>
		<depth>3</depth>
	</size>
	<segmented>0</segmented>
	<object>
		<name>ps4_controller</name>
		<pose>Unspecified</pose>
		<truncated>0</truncated>
		<difficult>0</difficult>
		<bndbox>
			<xmin>44</xmin>
			<ymin>21</ymin>
			<xmax>249</xmax>
			<ymax>103</ymax>
		</bndbox>
	</object>
</annotation>
