<annotation>
	<folder>train</folder>
	<filename>18.jpg</filename>
	<path>C:\Users\Khalid\Downloads\labeling\images\train\18.jpg</path>
	<source>
		<database>Unknown</database>
	</source>
	<size>
		<width>600</width>
		<height>600</height>
		<depth>3</depth>
	</size>
	<segmented>0</segmented>
	<object>
		<name>ps4_controller</name>
		<pose>Unspecified</pose>
		<truncated>0</truncated>
		<difficult>0</difficult>
		<bndbox>
			<xmin>26</xmin>
			<ymin>80</ymin>
			<xmax>583</xmax>
			<ymax>525</ymax>
		</bndbox>
	</object>
</annotation>
