<annotation>
	<folder>train</folder>
	<filename>184.jpg</filename>
	<path>C:\Users\Khalid\Downloads\labeling\images\train\184.jpg</path>
	<source>
		<database>Unknown</database>
	</source>
	<size>
		<width>274</width>
		<height>184</height>
		<depth>3</depth>
	</size>
	<segmented>0</segmented>
	<object>
		<name>ps4_controller</name>
		<pose>Unspecified</pose>
		<truncated>0</truncated>
		<difficult>0</difficult>
		<bndbox>
			<xmin>25</xmin>
			<ymin>5</ymin>
			<xmax>267</xmax>
			<ymax>156</ymax>
		</bndbox>
	</object>
</annotation>
