<annotation>
	<folder>train</folder>
	<filename>185.jpg</filename>
	<path>C:\Users\Khalid\Downloads\labeling\images\train\185.jpg</path>
	<source>
		<database>Unknown</database>
	</source>
	<size>
		<width>225</width>
		<height>225</height>
		<depth>1</depth>
	</size>
	<segmented>0</segmented>
	<object>
		<name>ps4_controller</name>
		<pose>Unspecified</pose>
		<truncated>0</truncated>
		<difficult>0</difficult>
		<bndbox>
			<xmin>21</xmin>
			<ymin>56</ymin>
			<xmax>201</xmax>
			<ymax>151</ymax>
		</bndbox>
	</object>
</annotation>
