<annotation>
	<folder>train</folder>
	<filename>188.jpg</filename>
	<path>C:\Users\Khalid\Downloads\labeling\images\train\188.jpg</path>
	<source>
		<database>Unknown</database>
	</source>
	<size>
		<width>191</width>
		<height>200</height>
		<depth>3</depth>
	</size>
	<segmented>0</segmented>
	<object>
		<name>ps4_controller</name>
		<pose>Unspecified</pose>
		<truncated>0</truncated>
		<difficult>0</difficult>
		<bndbox>
			<xmin>7</xmin>
			<ymin>9</ymin>
			<xmax>179</xmax>
			<ymax>133</ymax>
		</bndbox>
	</object>
</annotation>
