<annotation>
	<folder>train</folder>
	<filename>19.jpg</filename>
	<path>C:\Users\Khalid\Downloads\labeling\images\train\19.jpg</path>
	<source>
		<database>Unknown</database>
	</source>
	<size>
		<width>2000</width>
		<height>1334</height>
		<depth>3</depth>
	</size>
	<segmented>0</segmented>
	<object>
		<name>ps4_controller</name>
		<pose>Unspecified</pose>
		<truncated>0</truncated>
		<difficult>0</difficult>
		<bndbox>
			<xmin>319</xmin>
			<ymin>226</ymin>
			<xmax>1700</xmax>
			<ymax>1184</ymax>
		</bndbox>
	</object>
</annotation>
