<annotation>
	<folder>train</folder>
	<filename>194.jpg</filename>
	<path>C:\Users\Khalid\Downloads\labeling\images\train\194.jpg</path>
	<source>
		<database>Unknown</database>
	</source>
	<size>
		<width>291</width>
		<height>173</height>
		<depth>3</depth>
	</size>
	<segmented>0</segmented>
	<object>
		<name>ps4_controller</name>
		<pose>Unspecified</pose>
		<truncated>0</truncated>
		<difficult>0</difficult>
		<bndbox>
			<xmin>53</xmin>
			<ymin>26</ymin>
			<xmax>253</xmax>
			<ymax>145</ymax>
		</bndbox>
	</object>
</annotation>
