<annotation>
	<folder>train</folder>
	<filename>195.jpg</filename>
	<path>C:\Users\Khalid\Downloads\labeling\images\train\195.jpg</path>
	<source>
		<database>Unknown</database>
	</source>
	<size>
		<width>159</width>
		<height>159</height>
		<depth>3</depth>
	</size>
	<segmented>0</segmented>
	<object>
		<name>ps4_controller</name>
		<pose>Unspecified</pose>
		<truncated>1</truncated>
		<difficult>0</difficult>
		<bndbox>
			<xmin>1</xmin>
			<ymin>24</ymin>
			<xmax>158</xmax>
			<ymax>138</ymax>
		</bndbox>
	</object>
</annotation>
