<annotation>
	<folder>train</folder>
	<filename>197.jpg</filename>
	<path>C:\Users\Khalid\Downloads\labeling\images\train\197.jpg</path>
	<source>
		<database>Unknown</database>
	</source>
	<size>
		<width>217</width>
		<height>232</height>
		<depth>3</depth>
	</size>
	<segmented>0</segmented>
	<object>
		<name>ps4_controller</name>
		<pose>Unspecified</pose>
		<truncated>0</truncated>
		<difficult>0</difficult>
		<bndbox>
			<xmin>9</xmin>
			<ymin>5</ymin>
			<xmax>210</xmax>
			<ymax>129</ymax>
		</bndbox>
	</object>
</annotation>
