<annotation>
	<folder>train</folder>
	<filename>2.jpg</filename>
	<path>C:\Users\Khalid\Downloads\labeling\images\train\2.jpg</path>
	<source>
		<database>Unknown</database>
	</source>
	<size>
		<width>992</width>
		<height>558</height>
		<depth>3</depth>
	</size>
	<segmented>0</segmented>
	<object>
		<name>ps4_controller</name>
		<pose>Unspecified</pose>
		<truncated>0</truncated>
		<difficult>0</difficult>
		<bndbox>
			<xmin>304</xmin>
			<ymin>176</ymin>
			<xmax>756</xmax>
			<ymax>502</ymax>
		</bndbox>
	</object>
</annotation>
