<annotation>
	<folder>train</folder>
	<filename>20.jpg</filename>
	<path>C:\Users\Khalid\Downloads\labeling\images\train\20.jpg</path>
	<source>
		<database>Unknown</database>
	</source>
	<size>
		<width>3098</width>
		<height>3200</height>
		<depth>3</depth>
	</size>
	<segmented>0</segmented>
	<object>
		<name>ps4_controller</name>
		<pose>Unspecified</pose>
		<truncated>1</truncated>
		<difficult>0</difficult>
		<bndbox>
			<xmin>120</xmin>
			<ymin>613</ymin>
			<xmax>3098</xmax>
			<ymax>2479</ymax>
		</bndbox>
	</object>
</annotation>
