<annotation>
	<folder>train</folder>
	<filename>206.jpg</filename>
	<path>C:\Users\Khalid\Downloads\labeling\images\train\206.jpg</path>
	<source>
		<database>Unknown</database>
	</source>
	<size>
		<width>313</width>
		<height>161</height>
		<depth>3</depth>
	</size>
	<segmented>0</segmented>
	<object>
		<name>ps4_controller</name>
		<pose>Unspecified</pose>
		<truncated>0</truncated>
		<difficult>0</difficult>
		<bndbox>
			<xmin>12</xmin>
			<ymin>6</ymin>
			<xmax>202</xmax>
			<ymax>92</ymax>
		</bndbox>
	</object>
</annotation>
