<annotation>
	<folder>train</folder>
	<filename>21.jpg</filename>
	<path>C:\Users\Khalid\Downloads\labeling\images\train\21.jpg</path>
	<source>
		<database>Unknown</database>
	</source>
	<size>
		<width>1024</width>
		<height>1024</height>
		<depth>3</depth>
	</size>
	<segmented>0</segmented>
	<object>
		<name>ps4_controller</name>
		<pose>Unspecified</pose>
		<truncated>0</truncated>
		<difficult>0</difficult>
		<bndbox>
			<xmin>92</xmin>
			<ymin>269</ymin>
			<xmax>951</xmax>
			<ymax>751</ymax>
		</bndbox>
	</object>
</annotation>
