<annotation>
	<folder>train</folder>
	<filename>213.jpg</filename>
	<path>C:\Users\Khalid\Downloads\labeling\images\train\213.jpg</path>
	<source>
		<database>Unknown</database>
	</source>
	<size>
		<width>302</width>
		<height>167</height>
		<depth>3</depth>
	</size>
	<segmented>0</segmented>
	<object>
		<name>ps4_controller</name>
		<pose>Unspecified</pose>
		<truncated>0</truncated>
		<difficult>0</difficult>
		<bndbox>
			<xmin>36</xmin>
			<ymin>12</ymin>
			<xmax>256</xmax>
			<ymax>125</ymax>
		</bndbox>
	</object>
</annotation>
