<annotation>
	<folder>train</folder>
	<filename>22.jpg</filename>
	<path>C:\Users\Khalid\Downloads\labeling\images\train\22.jpg</path>
	<source>
		<database>Unknown</database>
	</source>
	<size>
		<width>1280</width>
		<height>720</height>
		<depth>3</depth>
	</size>
	<segmented>0</segmented>
	<object>
		<name>ps4_controller</name>
		<pose>Unspecified</pose>
		<truncated>0</truncated>
		<difficult>0</difficult>
		<bndbox>
			<xmin>190</xmin>
			<ymin>61</ymin>
			<xmax>997</xmax>
			<ymax>547</ymax>
		</bndbox>
	</object>
</annotation>
