<annotation>
	<folder>train</folder>
	<filename>220.jpg</filename>
	<path>C:\Users\Khalid\Downloads\labeling\images\train\220.jpg</path>
	<source>
		<database>Unknown</database>
	</source>
	<size>
		<width>225</width>
		<height>225</height>
		<depth>3</depth>
	</size>
	<segmented>0</segmented>
	<object>
		<name>ps4_controller</name>
		<pose>Unspecified</pose>
		<truncated>0</truncated>
		<difficult>0</difficult>
		<bndbox>
			<xmin>40</xmin>
			<ymin>118</ymin>
			<xmax>193</xmax>
			<ymax>217</ymax>
		</bndbox>
	</object>
</annotation>
