<annotation>
	<folder>train</folder>
	<filename>23.jpg</filename>
	<path>C:\Users\Khalid\Downloads\labeling\images\train\23.jpg</path>
	<source>
		<database>Unknown</database>
	</source>
	<size>
		<width>3191</width>
		<height>3000</height>
		<depth>3</depth>
	</size>
	<segmented>0</segmented>
	<object>
		<name>ps4_controller</name>
		<pose>Unspecified</pose>
		<truncated>0</truncated>
		<difficult>0</difficult>
		<bndbox>
			<xmin>132</xmin>
			<ymin>512</ymin>
			<xmax>3048</xmax>
			<ymax>2386</ymax>
		</bndbox>
	</object>
</annotation>
