<annotation>
	<folder>train</folder>
	<filename>25.jpg</filename>
	<path>C:\Users\Khalid\Downloads\labeling\images\train\25.jpg</path>
	<source>
		<database>Unknown</database>
	</source>
	<size>
		<width>570</width>
		<height>560</height>
		<depth>3</depth>
	</size>
	<segmented>0</segmented>
	<object>
		<name>ps4_controller</name>
		<pose>Unspecified</pose>
		<truncated>0</truncated>
		<difficult>0</difficult>
		<bndbox>
			<xmin>17</xmin>
			<ymin>113</ymin>
			<xmax>544</xmax>
			<ymax>419</ymax>
		</bndbox>
	</object>
</annotation>
