<annotation>
	<folder>train</folder>
	<filename>26.jpg</filename>
	<path>C:\Users\Khalid\Downloads\labeling\images\train\26.jpg</path>
	<source>
		<database>Unknown</database>
	</source>
	<size>
		<width>570</width>
		<height>428</height>
		<depth>3</depth>
	</size>
	<segmented>0</segmented>
	<object>
		<name>ps4_controller</name>
		<pose>Unspecified</pose>
		<truncated>0</truncated>
		<difficult>0</difficult>
		<bndbox>
			<xmin>80</xmin>
			<ymin>47</ymin>
			<xmax>485</xmax>
			<ymax>322</ymax>
		</bndbox>
	</object>
</annotation>
