<annotation>
	<folder>train</folder>
	<filename>3.jpg</filename>
	<path>C:\Users\Khalid\Downloads\labeling\images\train\3.jpg</path>
	<source>
		<database>Unknown</database>
	</source>
	<size>
		<width>500</width>
		<height>500</height>
		<depth>3</depth>
	</size>
	<segmented>0</segmented>
	<object>
		<name>ps4_controller</name>
		<pose>Unspecified</pose>
		<truncated>0</truncated>
		<difficult>0</difficult>
		<bndbox>
			<xmin>47</xmin>
			<ymin>60</ymin>
			<xmax>479</xmax>
			<ymax>396</ymax>
		</bndbox>
	</object>
</annotation>
