<annotation>
	<folder>train</folder>
	<filename>4.jpg</filename>
	<path>C:\Users\Khalid\Downloads\labeling\images\train\4.jpg</path>
	<source>
		<database>Unknown</database>
	</source>
	<size>
		<width>500</width>
		<height>500</height>
		<depth>3</depth>
	</size>
	<segmented>0</segmented>
	<object>
		<name>ps4_controller</name>
		<pose>Unspecified</pose>
		<truncated>0</truncated>
		<difficult>0</difficult>
		<bndbox>
			<xmin>51</xmin>
			<ymin>73</ymin>
			<xmax>483</xmax>
			<ymax>400</ymax>
		</bndbox>
	</object>
</annotation>
