<annotation>
	<folder>train</folder>
	<filename>46.jpg</filename>
	<path>C:\Users\Khalid\Downloads\labeling\images\train\46.jpg</path>
	<source>
		<database>Unknown</database>
	</source>
	<size>
		<width>283</width>
		<height>178</height>
		<depth>3</depth>
	</size>
	<segmented>0</segmented>
	<object>
		<name>ps4_controller</name>
		<pose>Unspecified</pose>
		<truncated>1</truncated>
		<difficult>0</difficult>
		<bndbox>
			<xmin>12</xmin>
			<ymin>1</ymin>
			<xmax>281</xmax>
			<ymax>163</ymax>
		</bndbox>
	</object>
</annotation>
