<annotation>
	<folder>train</folder>
	<filename>47.jpg</filename>
	<path>C:\Users\Khalid\Downloads\labeling\images\train\47.jpg</path>
	<source>
		<database>Unknown</database>
	</source>
	<size>
		<width>192</width>
		<height>262</height>
		<depth>3</depth>
	</size>
	<segmented>0</segmented>
	<object>
		<name>ps4_controller</name>
		<pose>Unspecified</pose>
		<truncated>1</truncated>
		<difficult>0</difficult>
		<bndbox>
			<xmin>10</xmin>
			<ymin>65</ymin>
			<xmax>192</xmax>
			<ymax>183</ymax>
		</bndbox>
	</object>
</annotation>
