<annotation>
	<folder>train</folder>
	<filename>48.jpg</filename>
	<path>C:\Users\Khalid\Downloads\labeling\images\train\48.jpg</path>
	<source>
		<database>Unknown</database>
	</source>
	<size>
		<width>225</width>
		<height>225</height>
		<depth>3</depth>
	</size>
	<segmented>0</segmented>
	<object>
		<name>ps4_controller</name>
		<pose>Unspecified</pose>
		<truncated>1</truncated>
		<difficult>0</difficult>
		<bndbox>
			<xmin>15</xmin>
			<ymin>34</ymin>
			<xmax>225</xmax>
			<ymax>188</ymax>
		</bndbox>
	</object>
</annotation>
