<annotation>
	<folder>train</folder>
	<filename>5.jpg</filename>
	<path>C:\Users\Khalid\Downloads\labeling\images\train\5.jpg</path>
	<source>
		<database>Unknown</database>
	</source>
	<size>
		<width>900</width>
		<height>506</height>
		<depth>3</depth>
	</size>
	<segmented>0</segmented>
	<object>
		<name>ps4_controller</name>
		<pose>Unspecified</pose>
		<truncated>0</truncated>
		<difficult>0</difficult>
		<bndbox>
			<xmin>21</xmin>
			<ymin>11</ymin>
			<xmax>858</xmax>
			<ymax>413</ymax>
		</bndbox>
	</object>
</annotation>
