<annotation>
	<folder>train</folder>
	<filename>50.jpg</filename>
	<path>C:\Users\Khalid\Downloads\labeling\images\train\50.jpg</path>
	<source>
		<database>Unknown</database>
	</source>
	<size>
		<width>100</width>
		<height>100</height>
		<depth>3</depth>
	</size>
	<segmented>0</segmented>
	<object>
		<name>ps4_controller</name>
		<pose>Unspecified</pose>
		<truncated>0</truncated>
		<difficult>0</difficult>
		<bndbox>
			<xmin>2</xmin>
			<ymin>5</ymin>
			<xmax>99</xmax>
			<ymax>85</ymax>
		</bndbox>
	</object>
</annotation>
