<annotation>
	<folder>train</folder>
	<filename>54.jpg</filename>
	<path>C:\Users\Khalid\Downloads\labeling\images\train\54.jpg</path>
	<source>
		<database>Unknown</database>
	</source>
	<size>
		<width>281</width>
		<height>179</height>
		<depth>3</depth>
	</size>
	<segmented>0</segmented>
	<object>
		<name>ps4_controller</name>
		<pose>Unspecified</pose>
		<truncated>0</truncated>
		<difficult>0</difficult>
		<bndbox>
			<xmin>20</xmin>
			<ymin>5</ymin>
			<xmax>268</xmax>
			<ymax>124</ymax>
		</bndbox>
	</object>
</annotation>
