<annotation>
	<folder>train</folder>
	<filename>55.jpg</filename>
	<path>C:\Users\Khalid\Downloads\labeling\images\train\55.jpg</path>
	<source>
		<database>Unknown</database>
	</source>
	<size>
		<width>284</width>
		<height>178</height>
		<depth>3</depth>
	</size>
	<segmented>0</segmented>
	<object>
		<name>ps4_controller</name>
		<pose>Unspecified</pose>
		<truncated>0</truncated>
		<difficult>0</difficult>
		<bndbox>
			<xmin>18</xmin>
			<ymin>8</ymin>
			<xmax>270</xmax>
			<ymax>122</ymax>
		</bndbox>
	</object>
</annotation>
