<annotation>
	<folder>train</folder>
	<filename>56.jpg</filename>
	<path>C:\Users\Khalid\Downloads\labeling\images\train\56.jpg</path>
	<source>
		<database>Unknown</database>
	</source>
	<size>
		<width>284</width>
		<height>177</height>
		<depth>3</depth>
	</size>
	<segmented>0</segmented>
	<object>
		<name>ps4_controller</name>
		<pose>Unspecified</pose>
		<truncated>0</truncated>
		<difficult>0</difficult>
		<bndbox>
			<xmin>13</xmin>
			<ymin>10</ymin>
			<xmax>271</xmax>
			<ymax>133</ymax>
		</bndbox>
	</object>
</annotation>
