<annotation>
	<folder>train</folder>
	<filename>58.jpg</filename>
	<path>C:\Users\Khalid\Downloads\labeling\images\train\58.jpg</path>
	<source>
		<database>Unknown</database>
	</source>
	<size>
		<width>277</width>
		<height>182</height>
		<depth>3</depth>
	</size>
	<segmented>0</segmented>
	<object>
		<name>ps4_controller</name>
		<pose>Unspecified</pose>
		<truncated>1</truncated>
		<difficult>0</difficult>
		<bndbox>
			<xmin>14</xmin>
			<ymin>1</ymin>
			<xmax>267</xmax>
			<ymax>164</ymax>
		</bndbox>
	</object>
</annotation>
