<annotation>
	<folder>train</folder>
	<filename>6.jpg</filename>
	<path>C:\Users\Khalid\Downloads\labeling\images\train\6.jpg</path>
	<source>
		<database>Unknown</database>
	</source>
	<size>
		<width>2888</width>
		<height>1822</height>
		<depth>3</depth>
	</size>
	<segmented>0</segmented>
	<object>
		<name>ps4_controller</name>
		<pose>Unspecified</pose>
		<truncated>1</truncated>
		<difficult>0</difficult>
		<bndbox>
			<xmin>124</xmin>
			<ymin>74</ymin>
			<xmax>2888</xmax>
			<ymax>1666</ymax>
		</bndbox>
	</object>
</annotation>
