<annotation>
	<folder>train</folder>
	<filename>65.jpg</filename>
	<path>C:\Users\Khalid\Downloads\labeling\images\train\65.jpg</path>
	<source>
		<database>Unknown</database>
	</source>
	<size>
		<width>300</width>
		<height>168</height>
		<depth>3</depth>
	</size>
	<segmented>0</segmented>
	<object>
		<name>ps4_controller</name>
		<pose>Unspecified</pose>
		<truncated>1</truncated>
		<difficult>0</difficult>
		<bndbox>
			<xmin>1</xmin>
			<ymin>3</ymin>
			<xmax>240</xmax>
			<ymax>165</ymax>
		</bndbox>
	</object>
</annotation>
