<annotation>
	<folder>train</folder>
	<filename>69.jpg</filename>
	<path>C:\Users\Khalid\Downloads\labeling\images\train\69.jpg</path>
	<source>
		<database>Unknown</database>
	</source>
	<size>
		<width>293</width>
		<height>172</height>
		<depth>3</depth>
	</size>
	<segmented>0</segmented>
	<object>
		<name>ps4_controller</name>
		<pose>Unspecified</pose>
		<truncated>0</truncated>
		<difficult>0</difficult>
		<bndbox>
			<xmin>36</xmin>
			<ymin>6</ymin>
			<xmax>251</xmax>
			<ymax>108</ymax>
		</bndbox>
	</object>
</annotation>
