<annotation>
	<folder>train</folder>
	<filename>7.jpg</filename>
	<path>C:\Users\Khalid\Downloads\labeling\images\train\7.jpg</path>
	<source>
		<database>Unknown</database>
	</source>
	<size>
		<width>2500</width>
		<height>2500</height>
		<depth>3</depth>
	</size>
	<segmented>0</segmented>
	<object>
		<name>ps4_controller</name>
		<pose>Unspecified</pose>
		<truncated>0</truncated>
		<difficult>0</difficult>
		<bndbox>
			<xmin>162</xmin>
			<ymin>498</ymin>
			<xmax>2419</xmax>
			<ymax>1854</ymax>
		</bndbox>
	</object>
</annotation>
