<annotation>
	<folder>train</folder>
	<filename>71.jpg</filename>
	<path>C:\Users\Khalid\Downloads\labeling\images\train\71.jpg</path>
	<source>
		<database>Unknown</database>
	</source>
	<size>
		<width>300</width>
		<height>168</height>
		<depth>3</depth>
	</size>
	<segmented>0</segmented>
	<object>
		<name>ps4_controller</name>
		<pose>Unspecified</pose>
		<truncated>0</truncated>
		<difficult>0</difficult>
		<bndbox>
			<xmin>44</xmin>
			<ymin>14</ymin>
			<xmax>260</xmax>
			<ymax>142</ymax>
		</bndbox>
	</object>
</annotation>
