<annotation>
	<folder>train</folder>
	<filename>72.jpg</filename>
	<path>C:\Users\Khalid\Downloads\labeling\images\train\72.jpg</path>
	<source>
		<database>Unknown</database>
	</source>
	<size>
		<width>225</width>
		<height>225</height>
		<depth>3</depth>
	</size>
	<segmented>0</segmented>
	<object>
		<name>ps4_controller</name>
		<pose>Unspecified</pose>
		<truncated>0</truncated>
		<difficult>0</difficult>
		<bndbox>
			<xmin>11</xmin>
			<ymin>33</ymin>
			<xmax>213</xmax>
			<ymax>160</ymax>
		</bndbox>
	</object>
</annotation>
