<annotation>
	<folder>train</folder>
	<filename>73.jpg</filename>
	<path>C:\Users\Khalid\Downloads\labeling\images\train\73.jpg</path>
	<source>
		<database>Unknown</database>
	</source>
	<size>
		<width>299</width>
		<height>169</height>
		<depth>3</depth>
	</size>
	<segmented>0</segmented>
	<object>
		<name>ps4_controller</name>
		<pose>Unspecified</pose>
		<truncated>0</truncated>
		<difficult>0</difficult>
		<bndbox>
			<xmin>13</xmin>
			<ymin>9</ymin>
			<xmax>222</xmax>
			<ymax>111</ymax>
		</bndbox>
	</object>
</annotation>
