<annotation>
	<folder>train</folder>
	<filename>74.jpg</filename>
	<path>C:\Users\Khalid\Downloads\labeling\images\train\74.jpg</path>
	<source>
		<database>Unknown</database>
	</source>
	<size>
		<width>168</width>
		<height>300</height>
		<depth>3</depth>
	</size>
	<segmented>0</segmented>
	<object>
		<name>ps4_controller</name>
		<pose>Unspecified</pose>
		<truncated>0</truncated>
		<difficult>0</difficult>
		<bndbox>
			<xmin>8</xmin>
			<ymin>21</ymin>
			<xmax>161</xmax>
			<ymax>105</ymax>
		</bndbox>
	</object>
</annotation>
