<annotation>
	<folder>train</folder>
	<filename>75.jpg</filename>
	<path>C:\Users\Khalid\Downloads\labeling\images\train\75.jpg</path>
	<source>
		<database>Unknown</database>
	</source>
	<size>
		<width>275</width>
		<height>183</height>
		<depth>3</depth>
	</size>
	<segmented>0</segmented>
	<object>
		<name>ps4_controller</name>
		<pose>Unspecified</pose>
		<truncated>0</truncated>
		<difficult>0</difficult>
		<bndbox>
			<xmin>28</xmin>
			<ymin>23</ymin>
			<xmax>238</xmax>
			<ymax>84</ymax>
		</bndbox>
	</object>
</annotation>
