<annotation>
	<folder>train</folder>
	<filename>77.jpg</filename>
	<path>C:\Users\Khalid\Downloads\labeling\images\train\77.jpg</path>
	<source>
		<database>Unknown</database>
	</source>
	<size>
		<width>159</width>
		<height>104</height>
		<depth>3</depth>
	</size>
	<segmented>0</segmented>
	<object>
		<name>ps4_controller</name>
		<pose>Unspecified</pose>
		<truncated>1</truncated>
		<difficult>0</difficult>
		<bndbox>
			<xmin>4</xmin>
			<ymin>1</ymin>
			<xmax>154</xmax>
			<ymax>92</ymax>
		</bndbox>
	</object>
</annotation>
