<annotation>
	<folder>train</folder>
	<filename>8.jpg</filename>
	<path>C:\Users\Khalid\Downloads\labeling\images\train\8.jpg</path>
	<source>
		<database>Unknown</database>
	</source>
	<size>
		<width>1800</width>
		<height>1800</height>
		<depth>3</depth>
	</size>
	<segmented>0</segmented>
	<object>
		<name>ps4_controller</name>
		<pose>Unspecified</pose>
		<truncated>0</truncated>
		<difficult>0</difficult>
		<bndbox>
			<xmin>170</xmin>
			<ymin>261</ymin>
			<xmax>1775</xmax>
			<ymax>1186</ymax>
		</bndbox>
	</object>
</annotation>
