<annotation>
	<folder>train</folder>
	<filename>83.jpg</filename>
	<path>C:\Users\Khalid\Downloads\labeling\images\train\83.jpg</path>
	<source>
		<database>Unknown</database>
	</source>
	<size>
		<width>275</width>
		<height>183</height>
		<depth>3</depth>
	</size>
	<segmented>0</segmented>
	<object>
		<name>ps4_controller</name>
		<pose>Unspecified</pose>
		<truncated>0</truncated>
		<difficult>0</difficult>
		<bndbox>
			<xmin>31</xmin>
			<ymin>25</ymin>
			<xmax>243</xmax>
			<ymax>157</ymax>
		</bndbox>
	</object>
</annotation>
