<annotation>
	<folder>train</folder>
	<filename>84.jpg</filename>
	<path>C:\Users\Khalid\Downloads\labeling\images\train\84.jpg</path>
	<source>
		<database>Unknown</database>
	</source>
	<size>
		<width>306</width>
		<height>165</height>
		<depth>3</depth>
	</size>
	<segmented>0</segmented>
	<object>
		<name>ps4_controller</name>
		<pose>Unspecified</pose>
		<truncated>0</truncated>
		<difficult>0</difficult>
		<bndbox>
			<xmin>16</xmin>
			<ymin>3</ymin>
			<xmax>301</xmax>
			<ymax>147</ymax>
		</bndbox>
	</object>
</annotation>
