<annotation>
	<folder>train</folder>
	<filename>9.jpg</filename>
	<path>C:\Users\Khalid\Downloads\labeling\images\train\9.jpg</path>
	<source>
		<database>Unknown</database>
	</source>
	<size>
		<width>1471</width>
		<height>954</height>
		<depth>3</depth>
	</size>
	<segmented>0</segmented>
	<object>
		<name>ps4_controller</name>
		<pose>Unspecified</pose>
		<truncated>0</truncated>
		<difficult>0</difficult>
		<bndbox>
			<xmin>126</xmin>
			<ymin>27</ymin>
			<xmax>1447</xmax>
			<ymax>854</ymax>
		</bndbox>
	</object>
</annotation>
