<annotation>
	<folder>train</folder>
	<filename>93.jpg</filename>
	<path>C:\Users\Khalid\Downloads\labeling\images\train\93.jpg</path>
	<source>
		<database>Unknown</database>
	</source>
	<size>
		<width>227</width>
		<height>222</height>
		<depth>3</depth>
	</size>
	<segmented>0</segmented>
	<object>
		<name>ps4_controller</name>
		<pose>Unspecified</pose>
		<truncated>0</truncated>
		<difficult>0</difficult>
		<bndbox>
			<xmin>32</xmin>
			<ymin>19</ymin>
			<xmax>209</xmax>
			<ymax>138</ymax>
		</bndbox>
	</object>
</annotation>
