<annotation>
	<folder>train</folder>
	<filename>94.jpg</filename>
	<path>C:\Users\Khalid\Downloads\labeling\images\train\94.jpg</path>
	<source>
		<database>Unknown</database>
	</source>
	<size>
		<width>300</width>
		<height>168</height>
		<depth>3</depth>
	</size>
	<segmented>0</segmented>
	<object>
		<name>ps4_controller</name>
		<pose>Unspecified</pose>
		<truncated>0</truncated>
		<difficult>0</difficult>
		<bndbox>
			<xmin>15</xmin>
			<ymin>3</ymin>
			<xmax>263</xmax>
			<ymax>151</ymax>
		</bndbox>
	</object>
</annotation>
