<annotation>
	<folder>train</folder>
	<filename>95.jpg</filename>
	<path>C:\Users\Khalid\Downloads\labeling\images\train\95.jpg</path>
	<source>
		<database>Unknown</database>
	</source>
	<size>
		<width>227</width>
		<height>223</height>
		<depth>3</depth>
	</size>
	<segmented>0</segmented>
	<object>
		<name>ps4_controller</name>
		<pose>Unspecified</pose>
		<truncated>0</truncated>
		<difficult>0</difficult>
		<bndbox>
			<xmin>16</xmin>
			<ymin>55</ymin>
			<xmax>207</xmax>
			<ymax>154</ymax>
		</bndbox>
	</object>
</annotation>
