<annotation>
	<folder>train</folder>
	<filename>98.jpg</filename>
	<path>C:\Users\Khalid\Downloads\labeling\images\train\98.jpg</path>
	<source>
		<database>Unknown</database>
	</source>
	<size>
		<width>275</width>
		<height>183</height>
		<depth>3</depth>
	</size>
	<segmented>0</segmented>
	<object>
		<name>ps4_controller</name>
		<pose>Unspecified</pose>
		<truncated>0</truncated>
		<difficult>0</difficult>
		<bndbox>
			<xmin>15</xmin>
			<ymin>5</ymin>
			<xmax>273</xmax>
			<ymax>142</ymax>
		</bndbox>
	</object>
</annotation>
