<annotation>
	<folder>train</folder>
	<filename>99.jpg</filename>
	<path>C:\Users\Khalid\Downloads\labeling\images\train\99.jpg</path>
	<source>
		<database>Unknown</database>
	</source>
	<size>
		<width>251</width>
		<height>201</height>
		<depth>3</depth>
	</size>
	<segmented>0</segmented>
	<object>
		<name>ps4_controller</name>
		<pose>Unspecified</pose>
		<truncated>0</truncated>
		<difficult>0</difficult>
		<bndbox>
			<xmin>21</xmin>
			<ymin>29</ymin>
			<xmax>218</xmax>
			<ymax>146</ymax>
		</bndbox>
	</object>
</annotation>
