filename,width,height,class,xmin,ymin,xmax,ymax
1.jpg,562,720,ps4_controller,12,102,562,584
10.jpg,522,327,ps4_controller,5,3,522,324
100.jpg,200,200,ps4_controller,104,138,199,200
101.jpg,159,127,ps4_controller,7,11,159,111
102.jpg,225,225,ps4_controller,24,46,205,182
103.jpg,225,225,ps4_controller,16,52,200,174
104.jpg,225,225,ps4_controller,9,46,214,187
105.jpg,233,217,ps4_controller,29,9,231,168
106.jpg,265,190,ps4_controller,45,46,216,119
107.jpg,177,177,ps4_controller,1,23,177,146
108.jpg,203,248,ps4_controller,7,5,194,246
109.jpg,177,177,ps4_controller,7,29,177,152
11.jpg,2897,1813,ps4_controller,90,18,2897,1804
110.jpg,224,224,ps4_controller,59,58,180,194
111.jpg,100,100,ps4_controller,1,1,100,93
112.jpg,259,194,ps4_controller,9,46,259,145
113.jpg,275,183,ps4_controller,23,12,232,153
114.jpg,259,194,ps4_controller,35,29,240,169
115.jpg,198,254,ps4_controller,5,40,198,195
116.jpg,300,168,ps4_controller,131,25,269,137
117.jpg,300,168,ps4_controller,83,11,262,150
118.jpg,275,183,ps4_controller,33,37,257,142
119.jpg,251,201,ps4_controller,16,23,243,182
12.jpg,1163,816,ps4_controller,40,8,1163,774
120.jpg,194,259,ps4_controller,22,96,131,163
121.jpg,225,225,ps4_controller,61,85,212,184
122.jpg,225,225,ps4_controller,116,88,222,170
123.jpg,225,225,ps4_controller,46,60,186,179
124.jpg,259,194,ps4_controller,46,80,212,179
125.jpg,275,183,ps4_controller,44,35,222,146
126.jpg,318,159,ps4_controller,14,4,293,102
127.jpg,100,100,ps4_controller,28,28,100,61
128.jpg,300,168,ps4_controller,73,24,232,94
129.jpg,299,168,ps4_controller,90,48,211,96
13.jpg,1500,986,ps4_controller,107,19,1432,771
130.jpg,275,183,ps4_controller,36,10,236,120
131.jpg,259,194,ps4_controller,26,11,235,149
132.jpg,300,168,ps4_controller,11,1,300,89
133.jpg,225,225,ps4_controller,11,37,208,190
134.jpg,275,183,ps4_controller,5,3,266,174
135.jpg,225,225,ps4_controller,32,110,193,213
136.jpg,279,181,ps4_controller,15,4,274,166
137.jpg,254,198,ps4_controller,65,67,236,181
138.jpg,293,172,ps4_controller,54,7,244,126
139.jpg,159,159,ps4_controller,4,25,157,129
14.jpg,1500,956,ps4_controller,104,11,1473,854
140.jpg,100,100,ps4_controller,3,4,100,74
141.jpg,203,248,ps4_controller,4,10,197,228
142.jpg,259,194,ps4_controller,21,21,259,154
143.jpg,100,100,ps4_controller,4,35,50,65
144.jpg,177,177,ps4_controller,6,20,174,150
145.jpg,300,168,ps4_controller,56,42,247,144
146.jpg,225,225,ps4_controller,14,46,217,175
147.jpg,100,100,ps4_controller,2,1,100,77
148.jpg,300,168,ps4_controller,59,18,242,108
149.jpg,259,194,ps4_controller,72,100,203,185
15.jpg,1024,1024,ps4_controller,22,70,1007,670
150.jpg,275,183,ps4_controller,45,38,230,161
151.jpg,159,159,ps4_controller,5,22,158,128
152.jpg,259,194,ps4_controller,4,33,247,129
153.jpg,300,168,ps4_controller,59,68,238,152
154.jpg,299,168,ps4_controller,28,15,277,134
155.jpg,300,168,ps4_controller,7,3,293,133
156.jpg,271,186,ps4_controller,20,2,253,135
157.jpg,225,225,ps4_controller,19,48,207,158
158.jpg,225,225,ps4_controller,28,43,196,149
159.jpg,225,225,ps4_controller,9,23,219,195
16.jpg,3099,3000,ps4_controller,225,502,2919,2341
160.jpg,284,178,ps4_controller,6,1,281,173
161.jpg,244,206,ps4_controller,14,8,238,169
162.jpg,100,100,ps4_controller,5,17,99,85
163.jpg,225,225,ps4_controller,10,42,225,181
164.jpg,100,100,ps4_controller,9,2,90,93
165.jpg,225,225,ps4_controller,31,64,185,140
166.jpg,159,159,ps4_controller,7,25,159,133
167.jpg,235,188,ps4_controller,40,41,208,118
168.jpg,225,225,ps4_controller,17,58,204,172
169.jpg,225,225,ps4_controller,28,103,190,212
17.jpg,666,666,ps4_controller,123,188,570,526
170.jpg,232,217,ps4_controller,16,2,232,190
171.jpg,225,225,ps4_controller,13,51,216,167
172.jpg,265,190,ps4_controller,45,28,241,119
173.jpg,300,168,ps4_controller,51,22,248,136
174.jpg,300,168,ps4_controller,31,34,159,91
175.jpg,236,214,ps4_controller,22,49,209,122
176.jpg,100,100,ps4_controller,1,20,82,49
177.jpg,293,172,ps4_controller,44,21,249,103
178.jpg,225,225,ps4_controller,15,39,219,146
179.jpg,177,177,ps4_controller,5,25,174,138
18.jpg,600,600,ps4_controller,26,80,583,525
180.jpg,225,225,ps4_controller,23,69,208,189
181.jpg,225,225,ps4_controller,2,18,219,123
182.jpg,225,225,ps4_controller,12,41,206,167
183.jpg,257,196,ps4_controller,26,12,256,161
184.jpg,274,184,ps4_controller,25,5,267,156
185.jpg,225,225,ps4_controller,21,56,201,151
186.jpg,272,185,ps4_controller,9,18,249,141
187.jpg,268,188,ps4_controller,15,12,266,124
188.jpg,191,200,ps4_controller,7,9,179,133
189.jpg,299,168,ps4_controller,104,58,203,119
19.jpg,2000,1334,ps4_controller,319,226,1700,1184
190.jpg,259,194,ps4_controller,17,42,242,166
191.jpg,300,168,ps4_controller,31,21,234,107
192.jpg,225,225,ps4_controller,18,41,215,169
193.jpg,225,225,ps4_controller,18,51,193,161
194.jpg,291,173,ps4_controller,53,26,253,145
195.jpg,159,159,ps4_controller,1,24,158,138
196.jpg,299,169,ps4_controller,11,15,208,134
197.jpg,217,232,ps4_controller,9,5,210,129
198.jpg,225,225,ps4_controller,8,64,173,192
199.jpg,272,185,ps4_controller,53,15,243,139
2.jpg,992,558,ps4_controller,304,176,756,502
20.jpg,3098,3200,ps4_controller,120,613,3098,2479
200.jpg,225,225,ps4_controller,25,17,212,145
201.jpg,100,100,ps4_controller,2,16,98,80
202.jpg,100,100,ps4_controller,8,16,97,79
203.jpg,225,225,ps4_controller,14,32,224,182
204.jpg,225,225,ps4_controller,21,46,198,165
205.jpg,100,100,ps4_controller,7,35,95,93
206.jpg,313,161,ps4_controller,12,6,202,92
207.jpg,300,168,ps4_controller,57,34,199,97
208.jpg,100,100,ps4_controller,1,16,100,76
209.jpg,225,225,ps4_controller,9,37,216,151
21.jpg,1024,1024,ps4_controller,92,269,951,751
210.jpg,225,225,ps4_controller,18,9,206,205
211.jpg,310,163,ps4_controller,34,4,283,160
212.jpg,259,194,ps4_controller,22,22,244,135
213.jpg,302,167,ps4_controller,36,12,256,125
214.jpg,203,248,ps4_controller,3,3,200,242
215.jpg,225,225,ps4_controller,35,58,184,155
216.jpg,225,225,ps4_controller,40,115,194,203
217.jpg,360,140,ps4_controller,8,3,353,139
218.jpg,225,225,ps4_controller,1,7,210,181
219.jpg,225,225,ps4_controller,32,71,197,183
22.jpg,1280,720,ps4_controller,190,61,997,547
220.jpg,225,225,ps4_controller,40,118,193,217
23.jpg,3191,3000,ps4_controller,132,512,3048,2386
24.jpg,0,0,ps4_controller,17,70,228,187
25.jpg,570,560,ps4_controller,17,113,544,419
26.jpg,570,428,ps4_controller,80,47,485,322
27.jpg,100,100,ps4_controller,1,11,100,75
28.jpg,100,100,ps4_controller,1,3,98,75
29.jpg,100,100,ps4_controller,3,21,98,75
3.jpg,500,500,ps4_controller,47,60,479,396
30.jpg,177,177,ps4_controller,5,24,177,144
31.jpg,177,177,ps4_controller,5,33,173,140
32.jpg,177,177,ps4_controller,6,25,175,147
33.jpg,177,177,ps4_controller,9,24,177,135
34.jpg,177,177,ps4_controller,7,28,170,147
35.jpg,177,177,ps4_controller,3,22,177,133
36.jpg,177,177,ps4_controller,8,29,177,132
37.jpg,177,177,ps4_controller,2,20,173,148
38.jpg,177,177,ps4_controller,8,26,177,124
39.jpg,225,225,ps4_controller,38,58,193,165
4.jpg,500,500,ps4_controller,51,73,483,400
40.jpg,100,100,ps4_controller,4,17,97,79
41.jpg,225,225,ps4_controller,19,50,211,177
42.jpg,225,225,ps4_controller,24,50,201,170
43.jpg,293,172,ps4_controller,37,1,277,162
44.jpg,232,218,ps4_controller,15,35,222,180
45.jpg,225,225,ps4_controller,15,47,196,156
46.jpg,283,178,ps4_controller,12,1,281,163
47.jpg,192,262,ps4_controller,10,65,192,183
48.jpg,225,225,ps4_controller,15,34,225,188
49.jpg,225,225,ps4_controller,9,85,121,146
5.jpg,900,506,ps4_controller,21,11,858,413
50.jpg,100,100,ps4_controller,2,5,99,85
51.jpg,224,224,ps4_controller,6,41,221,187
52.jpg,225,225,ps4_controller,11,53,221,171
53.jpg,225,225,ps4_controller,19,45,207,171
54.jpg,281,179,ps4_controller,20,5,268,124
55.jpg,284,178,ps4_controller,18,8,270,122
56.jpg,284,177,ps4_controller,13,10,271,133
57.jpg,225,225,ps4_controller,14,43,223,178
58.jpg,277,182,ps4_controller,14,1,267,164
59.jpg,100,100,ps4_controller,1,1,100,72
6.jpg,2888,1822,ps4_controller,124,74,2888,1666
60.jpg,100,100,ps4_controller,1,2,100,74
61.jpg,100,100,ps4_controller,11,21,90,71
62.jpg,159,159,ps4_controller,8,30,157,134
63.jpg,225,225,ps4_controller,20,61,209,157
64.jpg,100,100,ps4_controller,14,23,84,85
65.jpg,300,168,ps4_controller,1,3,240,165
66.jpg,100,100,ps4_controller,1,3,100,73
67.jpg,228,221,ps4_controller,16,39,222,173
68.jpg,100,100,ps4_controller,8,20,91,65
69.jpg,293,172,ps4_controller,36,6,251,108
7.jpg,2500,2500,ps4_controller,162,498,2419,1854
70.jpg,225,225,ps4_controller,11,40,189,123
71.jpg,300,168,ps4_controller,44,14,260,142
72.jpg,225,225,ps4_controller,11,33,213,160
73.jpg,299,169,ps4_controller,13,9,222,111
74.jpg,168,300,ps4_controller,8,21,161,105
75.jpg,275,183,ps4_controller,28,23,238,84
76.jpg,275,183,ps4_controller,8,2,266,132
77.jpg,159,104,ps4_controller,4,1,154,92
78.jpg,300,168,ps4_controller,39,6,263,159
79.jpg,225,225,ps4_controller,10,42,211,162
8.jpg,1800,1800,ps4_controller,170,261,1775,1186
80.jpg,225,225,ps4_controller,5,35,215,184
81.jpg,100,100,ps4_controller,1,1,100,86
82.jpg,293,172,ps4_controller,35,4,274,153
83.jpg,275,183,ps4_controller,31,25,243,157
84.jpg,306,165,ps4_controller,16,3,301,147
85.jpg,177,177,ps4_controller,5,29,177,138
86.jpg,305,165,ps4_controller,57,12,206,132
87.jpg,100,100,ps4_controller,1,51,48,87
88.jpg,275,183,ps4_controller,14,12,237,120
89.jpg,249,202,ps4_controller,10,3,245,141
9.jpg,1471,954,ps4_controller,126,27,1447,854
90.jpg,225,225,ps4_controller,40,40,218,166
91.jpg,177,177,ps4_controller,9,26,177,140
92.jpg,259,194,ps4_controller,42,35,233,143
93.jpg,227,222,ps4_controller,32,19,209,138
94.jpg,300,168,ps4_controller,15,3,263,151
95.jpg,227,223,ps4_controller,16,55,207,154
96.jpg,252,200,ps4_controller,15,21,247,156
97.jpg,225,225,ps4_controller,16,50,216,178
98.jpg,275,183,ps4_controller,15,5,273,142
99.jpg,251,201,ps4_controller,21,29,218,146
